
insert into matiere 
(nom_matiere)
values ( "Mathématique")
, ( "Culture")
, ( "Base de données")
, ( "Programmation")
, ( "Droit");

insert into etablissement 
(nom_etb,adr_etb,num_rue,ville_etb)
values 
("Iris","Imp des 2 Cousins","6-8","75017 Paris")
, ("Efrei Paris","Av de la République","128-32","94800 Paris");

insert into user
(nom_user,prenom_user,adr_user,num_rue_user,ville_user,tel_user)
values 
("Riley","Susan","West Buttonwood Ave.","837","Tucson","(598) 269-8274"),
("Underwood","Micaela","Newport Ave.","609","Anaheim","(974) 944-8139"),
("Hernandez","Kathleen","Grand Circle","39","Lexington-Fayette","(628) 654-6831"),
("Small","Hailie","Locust Court","603","San Francisco","(929) 519-6745"),
("Hays","Maeve","Parker Street","637","Detroit","(975) 215-7220"),
("Mcpherson","Shyla","Griffin Rd.","466","Hialeah","(922) 520-1064"),
("Beck","Abbey","Sierra St.","262","Chesapeake","(682) 920-5001"),
("Robles","Karina","Brook St.","41","St. Paul","(842) 958-5871"),
("Valdez","Kelsie","Marshall St.","285","San Jose","(788) 673-4307"),
("Pham","Azaria","Sulphur Springs St.","995","Charlotte","(314) 868-5201"),
("Wood","Braelyn","East Bridle Lane","733","Sacramento","(879) 865-4544"),
("Hodge","Roselyn","Glenholme Drive","865","Corpus Christi","(629) 710-9572"),
("Clarke","Teagan","Glenwood Court","349","Rochester","(558) 928-6759"),
("Gallagher","Eleanor","N. Overlook St.","902","Chicago","(430) 701-0941"),
("Everett","Celia","Ivy Court","586","El Paso","(255) 297-9150"),
("Ramos","Nicole","West Glendale St.","730","Newark","(333) 823-9584"),
("Mann","Amya","Ridgeview Lane","458","Nashville-Davidson","(272) 915-8445"),
("Harding","Julianna","Manor Station Lane","21","Aurora","(920) 814-9109"),
("Beard","Arabella","Oxford Rd.","960","Tampa","(595) 878-1337"),
("Choi","Kassandra","Woodsman Street","819","New Orleans","(881) 870-2718"),
("Church","Miley","La Sierra Street","17","Portland","(500) 910-1510"),
("Mason","Jakayla","Lakewood Street","447","Albuquerque","(989) 575-4852"),
("Maynard","Annalise","Brewery Street","450","Memphis","(760) 857-9183"),
("Spencer","Melina","Central Avenue","664","Oklahoma City","(611) 210-1882"),
("Knight","Kylie","Prospect St.","622","Honolulu","(469) 855-6563"),
("Odom","Irene","SE. Blackburn Ave.","328","Las Vegas","(673) 603-8512"),
("West","Isabell","Trout St.","258","Lincoln","(683) 522-4647"),
("Newman","Rowan","Poplar Lane","179","Oakland","(467) 986-2127"),
("Figueroa","Matilda","Glen Eagles Lane","523","Stockton","(508) 767-3253"),
("Roy","Zoey","Smith Drive","967","Orlando","(732) 774-0094"),
("Baker","Phoebe","West St.","792","Seattle","(418) 634-7210"),
("English","Eden","Wintergreen St.","173","Mesa","(363) 382-4261"),
("Summers","Yoselin","West Crescent Rd.","580","Cleveland","(864) 947-5894"),
("Bell","Haley","Taylor Ave.","482","Scottsdale","(237) 536-6242"),
("Reed","Madelynn","South Cedar Street","846","Durham","(436) 716-7428"),
("Montoya","Taylor","Rock Maple Drive","554","Omaha","(685) 691-0511"),
("Munoz","Hayley","Valley View Road","46","Glendale","(801) 691-1694"),
("Perry","Fiona","South James Dr.","785","Cincinnati","(687) 946-5256"),
("Osborne","Ryan","Redwood Drive","966","Washington","(858) 643-8341"),
("Bradford","Courtney","Washington Street","757","Akron","(601) 953-5305"),
("Gentry","Eileen","NE. 6th Drive","883","Tulsa","(951) 294-6671"),
("Stephens","Asia","North Jockey Hollow St.","58","Lubbock","(750) 281-2206"),
("Mayo","Miya","St Paul Court","326","Miami","(207) 903-2626"),
("Holland","Johanna","W. Edgewood St.","678","Virginia Beach","(398) 720-3499"),
("Pierce","Macie","Indian Summer Ave.","536","Philadelphia","(616) 614-9292"),
("Fritz","Jaidyn","Helen Ave.","196","Boise","(265) 331-7187"),
("Sloan","Shyanne","Brickell Street","205","Jersey City","(749) 577-9499"),
("Davenport","Lena","Rock Creek Ave.","534","Columbus","(404) 576-9653"),
("Mccarty","Aracely","Green Hill Drive","777","New York","(731) 932-0449"),
("Tanner","Hana","Ryan St.","944","Buffalo","(842) 310-1680"),
("Rogers","Elsa","Magnolia Rd.","195","Riverside","(935) 752-4958"),
("Fletcher","Jazmin","El Dorado Dr.","620","Garland","(582) 639-7734"),
("Little","Caitlyn","King Court","746","Pittsburgh","(314) 294-3205"),
("Beck","Tamara","Riverview Lane","555","Huntington","(893) 337-1339"),
("Bowman","Justine","E. Brandywine Dr.","362","Baltimore","(617) 373-8724"),
("Wright","Anabel","Clay Ave.","910","Birmingham","(873) 478-3125"),
("Haas","Rebekah","Lees Creek St.","340","Norfolk","(478) 858-2119"),
("Fox","Alyvia","Academy Road","855","Chula Vista","(675) 836-0034"),
("Sellers","Luz","Penn Road","907","Madison","(731) 795-4996"),
("Chavez","Bryanna","River Dr.","771","Plano","(332) 498-5295"),
("Valenzuela","Ada","Van Dyke Dr.","902","Bakersfield","(253) 857-3006"),
("Keith","Cheyenne","E. Hilltop St.","531","Indianapolis","(323) 255-4456"),
("Berg","Estrella","La Sierra Lane","309","Long Beach","(242) 472-3672"),
("Richmond","Miriam","Ridgewood Street","895","Laredo","(437) 889-9968"),
("Campbell","Emilie","Carson Rd.","521","Reno","(655) 988-7488"),
("Castro","Laura","Branch Street","302","Montgomery","(933) 847-8601"),
("Rodgers","Juliana","Gainsway Dr.","529","Jacksonville","(746) 876-8408"),
("Morse","Erin","Cottage Dr.","657","Kansas City","(624) 994-1683"),
("Kim","Kaley","Pumpkin Hill Street","349","St. Louis","(435) 897-2976"),
("Gonzales","Nathalia","North Griffin Lane","408","North Hempstead","(985) 718-0921"),
("Delgado","Giana","Overlook Street","658","Raleigh","(233) 531-8089"),
("Meyers","Clare","Shipley Drive","747","Modesto","(477) 572-0069"),
("Sweeney","Stephany","Cypress St.","33","Anchorage","(674) 423-9419"),
("Swanson","Lilly","School St.","493","San Diego","(442) 434-5175"),
("Klein","Jasmine","Meadowbrook Avenue","245","Fort Worth","(698) 783-6357"),
("Rojas","Megan","Manchester Road","892","St. Petersburg","(835) 826-5202"),
("Evans","Genesis","Galvin Dr.","744","Arlington","(452) 359-4663"),
("Stark","Mercedes","Pawnee St.","530","Chandler","(363) 385-1357"),
("Scott","Whitney","N. Saxton St.","686","Greensboro","(240) 722-6952"),
("Gilbert","Gisselle","Rockcrest Street","864","Atlanta","(528) 341-7054"),
("Mckenzie","Marisol","South Cypress Court","309","Boston","(399) 205-3918"),
("Braun","Bethany","Hawthorne St.","920","San Bernardino","(399) 353-4118"),
("Graham","Amiah","Hamilton Drive","233","Dallas","(423) 956-8105"),
("Glass","Cadence","Augusta St.","809","Milwaukee","(229) 501-3947"),
("Horton","Kaiya","Ohio Rd.","639","Houston","(649) 926-9502"),
("Pham","Mariela","Jockey Hollow St.","265","Wichita","(497) 458-6469"),
("Foley","Abbie","Primrose St.","603","Austin","(386) 700-0302"),
("Ayala","Sylvia","West Peachtree Road","102","Phoenix","(816) 780-9512"),
("Brady","Noemi","S. Meadow Lane","982","Minneapolis","(473) 437-4035"),
("Le","Kyra","Woodland Ave.","604","Toledo","(216) 265-9932"),
("Petty","Scarlet","Golden Star Ave.","688","Arlington","(340) 632-5274"),
("Burns","Jordin","Gulf St.","570","Fresno","(555) 521-4887"),
("Myers","Bella","Lafayette Ave.","533","Los Angeles","(791) 662-3086"),
("Knox","Caroline","Edgemont Lane","99","Santa Ana","(613) 386-4066"),
("Pollard","Sadie","Walt Whitman St.","583","Henderson","(742) 224-7313"),
("Cain","Aleena","Broad Street","945","Denver","(759) 444-3389"),
("Yates","Tamia","Buckingham Lane","586","Fort Wayne","(563) 423-9161"),
("Huang","Aliya","East Richardson Street","248","San Antonio","(615) 931-2206"),
("Harrington","Nola","Military Street","4","Baton Rouge","(689) 348-5746"),
("George","Chaya","Roberts Ave.","815","Colorado Springs","(869) 831-7009"),
("Fuller","Elisa","West Buttonwood Ave.","773","Hanover Street","(621) 842-9063"),
("Weaver","Macie","Newport Ave.","863","Roosevelt Street","(816) 405-4202"),
("Adams","Abigail","Grand Circle","272","Brown St.","(404) 222-7149"),
("Brown","Lara","Locust Court","514","Liberty Ave.","(326) 426-4710"),
("Savage","Lorena","Parker Street","226","Bishop St.","(773) 442-0301"),
("Montgomery","Gabrielle","Griffin Rd.","226","Fairfield Ave.","(716) 825-4251"),
("Ross","Kaiya","Sierra St.","533","Harrison Ave.","(295) 753-8770"),
("Mccoy","Camila","Brook St.","492","Market Street","(630) 699-3846"),
("Townsend","Rylie","Marshall St.","335","Proctor Ave.","(690) 760-9314"),
("Cooke","Isabela","Sulphur Springs St.","407","County Avenue","(621) 944-1648"),
("Hicks","Yareli","East Bridle Lane","298","Pheasant Lane","(683) 845-2595"),
("Buck","Desirae","Glenholme Drive","996","Logan Drive","(261) 444-5913"),
("Gay","Katie","Glenwood Court","796","Deerfield St.","(714) 679-3797"),
("Chaney","Brooklynn","N. Overlook St.","743","South Hill Field Rd.","(777) 958-6722"),
("Taylor","Trinity","Ivy Court","438","East Marsh Court","(237) 940-1033"),
("Ferguson","Jordan","West Glendale St.","920","Essex Street","(476) 237-4119"),
("Guerrero","Jaycee","Ridgeview Lane","130","Hilltop Road","(727) 890-6989"),
("Good","Lydia","Manor Station Lane","848","Lake Drive","(588) 853-9894"),
("Ortiz","Sonia","Oxford Rd.","779","White Street","(451) 896-9837"),
("Shea","Harmony","Woodsman Street","337","Old York Street","(593) 342-1812"),
("Ray","Amelia","La Sierra Street","991","Old Longbranch Court","(534) 657-6964"),
("Moss","Taliyah","Lakewood Street","620","Railroad Avenue","(836) 629-0624"),
("Sanford","Sasha","Brewery Street","586","Bridge Dr.","(521) 363-0624"),
("Mercado","Paulina","Central Avenue","992","Euclid Court","(520) 780-7838"),
("Livingston","Braelyn","Prospect St.","631","Snake Hill Lane","(282) 614-7479"),
("Hughes","Raquel","SE. Blackburn Ave.","527","Leatherwood Drive","(718) 983-9853"),
("Thompson","Kathy","Trout St.","106","S. Marlborough Road","(864) 788-5477"),
("Gamble","Rosa","Poplar Lane","342","Main Drive","(515) 638-2585"),
("Hammond","Valery","Glen Eagles Lane","494","Sugar Drive","(455) 759-5405"),
("Cobb","Laila","Smith Drive","418","South St Louis Rd.","(911) 293-9397"),
("Cervantes","Dania","West St.","22","Annadale Dr.","(963) 311-8117"),
("Rivers","Nathaly","Wintergreen St.","319","Hillside Dr.","(252) 302-1647"),
("Conway","Kaylin","West Crescent Rd.","33","Oak Valley Street","(938) 404-6995"),
("Ball","Ariana","Taylor Ave.","891","W. Manchester Street","(733) 831-3639"),
("Bonilla","Yaretzi","South Cedar Street","106","Prairie Drive","(232) 516-8743"),
("Callahan","Teresa","Rock Maple Drive","317","W. Henry Smith Street","(922) 750-7688"),
("Byrd","Joyce","Valley View Road","825","Clark Lane","(312) 273-4286"),
("Andersen","Sandra","South James Dr.","323","Maiden Lane","(284) 860-3854"),
("Melendez","Moriah","Redwood Drive","175","Livingston Road","(498) 439-3702"),
("Krueger","Dayanara","Washington Street","853","Warren Ave.","(949) 434-6797"),
("Shannon","Delilah","NE. 6th Drive","987","Saxon Ave.","(272) 828-0295"),
("Duarte","Jazmin","North Jockey Hollow St.","799","North Maiden Drive","(867) 736-6769"),
("Clay","Maliyah","St Paul Court","720","Bayberry St.","(826) 262-4290"),
("Gonzalez","Elle","W. Edgewood St.","987","Cedar Ave.","(370) 316-6449"),
("Summers","Noelle","Indian Summer Ave.","712","Elizabeth St.","(926) 710-1884"),
("Black","Kaila","Helen Ave.","525","Arlington St.","(695) 493-9149"),
("Fitzpatrick","Caroline","Brickell Street","199","Sunbeam Dr.","(788) 631-9775"),
("Jimenez","Lyla","Rock Creek Ave.","859","North Thompson St.","(284) 513-0899"),
("Cantu","Emilie","Green Hill Drive","455","SE. Mammoth Drive","(328) 618-7867"),
("Spencer","Adelyn","Ryan St.","769","Morris St.","(802) 502-6764"),
("Schultz","Camryn","Magnolia Rd.","51","Anderson Drive","(555) 337-1371"),
("Stanton","Marin","El Dorado Dr.","629","Durham Avenue","(281) 495-0091"),
("Riggs","Addyson","King Court","939","Pennington Drive","(375) 794-4828"),
("Perkins","Hana","Riverview Lane","37","Sunnyslope St.","(570) 606-8286"),
("Grimes","Reyna","E. Brandywine Dr.","941","Old Andover Lane","(257) 810-1480"),
("Washington","Annabelle","Clay Ave.","725","Trout St.","(906) 688-4209"),
("Macias","Magdalena","Lees Creek St.","695","South Hickory St.","(498) 500-5664"),
("Franklin","Kinley","Academy Road","957","Amerige Dr.","(904) 514-1483"),
("Castro","Lila","Penn Road","607","Orchard Road","(990) 679-7901"),
("Gardner","Yaritza","River Dr.","496","South Stillwater Avenue","(346) 893-1060"),
("Oconnell","Maribel","Van Dyke Dr.","267","Pennington Lane","(995) 340-1402"),
("Fields","Averie","E. Hilltop St.","329","N. Border Ave.","(367) 206-3233"),
("Reynolds","Mollie","La Sierra Lane","964","West William St.","(864) 712-5513"),
("Oneill","Monique","Ridgewood Street","341","Princeton Court","(580) 512-6810"),
("Larson","Leticia","Carson Rd.","595","Taylor Drive","(584) 424-3214"),
("Mata","Kristina","Branch Street","865","Hall Rd.","(493) 576-9896"),
("Mcmahon","Ruth","Gainsway Dr.","774","Ann Ave.","(949) 385-6401"),
("Costa","Sadie","Cottage Dr.","876","Hillcrest Lane","(987) 389-7137"),
("Cline","Janiah","Pumpkin Hill Street","307","Atlantic Dr.","(454) 300-8286"),
("Stevenson","Jocelyn","North Griffin Lane","438","Harrison Street","(536) 609-8459"),
("Johns","Mackenzie","Overlook Street","300","Amerige Lane","(809) 941-6714"),
("Fuentes","Ivy","Shipley Drive","977","Ryan Street","(990) 937-6318"),
("Meyer","Hailie","Cypress St.","853","Birchpond St.","(850) 933-3031"),
("Butler","Reina","School St.","66","Edgefield St.","(375) 320-4580"),
("Morse","Sophia","Meadowbrook Avenue","831","E. Wintergreen Dr.","(502) 976-0675"),
("Glenn","Susan","Manchester Road","355","Laurel Street","(388) 282-7097"),
("Orr","Lesly","Galvin Dr.","442","Johnson St.","(437) 805-9403"),
("Ballard","Neveah","Pawnee St.","430","Pumpkin Hill Street","(499) 887-4851"),
("Andrews","Skye","N. Saxton St.","864","East Mammoth St.","(400) 882-7715"),
("Dalton","Janae","Rockcrest Street","893","Academy Ave.","(907) 237-7985"),
("Turner","Raina","South Cypress Court","743","Shadow Brook Street","(269) 558-6413"),
("Dorsey","Yesenia","Hawthorne St.","456","N. 1st Drive","(892) 294-2913"),
("Bridges","Elyse","Hamilton Drive","53","Dunbar Street","(590) 251-7723"),
("Vaughan","Anabella","Augusta St.","128","Golden Star Court","(994) 997-8585"),
("Middleton","Aryanna","Ohio Rd.","183","Augusta Road","(879) 621-7164"),
("Copeland","Lena","Jockey Hollow St.","387","East Garfield Street","(451) 704-1252"),
("Burton","Samantha","Primrose St.","695","Sleepy Hollow Street","(591) 331-1462"),
("Page","Jaylynn","West Peachtree Road","116","Riverview Lane","(541) 643-5138"),
("Rich","Sarah","S. Meadow Lane","452","Washington Street","(903) 752-0921"),
("Snow","Tatiana","Woodland Ave.","805","Catherine Dr.","(822) 429-3598"),
("Kent","Amirah","Golden Star Ave.","700","Cherry Court","(645) 352-2128"),
("Cowan","Bethany","Gulf St.","422","NE. Forest Street","(408) 762-8455"),
("Calderon","Kathryn","Lafayette Ave.","545","Sage St.","(824) 458-3712"),
("Everett","Anabel","Edgemont Lane","276","Birch Hill Ave.","(470) 362-5115"),
("Lopez","Marlee","Walt Whitman St.","455","Lafayette Ave.","(430) 684-2464"),
("Friedman","Cadence","Broad Street","104","Oakland Street","(769) 895-0171"),
("Cain","Amara","Buckingham Lane","223","Bayberry St.","(555) 586-0478"),
("Chang","Alanna","East Richardson Street","623","North St.","(901) 442-4640"),
("Nash","Eva","Military Street","950","Old Homewood Ave.","(226) 664-2613"),
("Johnson","Kaya","Roberts Ave.","394","Liberty St.","(440) 453-9736")

;

insert into directeur 
(id_user,id_etab)
values 
(2,1),
(1,2);

insert into professeur 
(id_user,id_etab,id_matiere,diplome_user)
values 
(3,1,1,"Master")
, (4,1,2,"Phd")
, (5,1,3,"Phd")
, (6,1,4,"Master")
, (7,1,5,"Phd")
, (8,1,1,"Phd")
, (9,1,2,"Master")
, (10,1,3,"Phd")
, (11,1,4,"Master")
, (12,1,5,"Phd")
;


insert into classe
(code_classe, nom_classe,id_etab)
values 
("btssio1a", "BTS-SIO-1A", 1)
, ("btssio2a", "BTS-SIO-2A", 1)
, ("btseco1a", "BTS-ECO-1A", 1)
, ("btseco2a", "BTS-ECO-2A", 1);



insert into etudiant 
(code_classe, id_user,date_naissance_user)
values 
("btssio1a","12","1994-11-6"),
("btssio1a","13","1998-6-8"),
("btssio1a","14","1995-6-22"),
("btssio1a","15","2001-9-11"),
("btssio1a","16","2001-1-8"),
("btssio1a","17","2000-11-25"),
("btssio1a","18","1998-4-20"),
("btssio1a","19","1997-9-14"),
("btssio1a","20","2003-2-4"),
("btssio1a","21","1999-1-9"),
("btssio1a","22","2000-4-15"),
("btssio1a","23","1993-4-4"),
("btssio1a","24","1997-12-15"),
("btssio1a","25","1999-2-15"),
("btssio1a","26","1994-9-6"),
("btssio1a","27","1996-3-8"),
("btssio1a","28","1998-6-24"),
("btssio1a","29","1998-3-19"),
("btssio1a","30","1999-2-12"),
("btssio1a","31","2002-1-8"),
("btssio1a","32","2000-8-1"),
("btssio1a","33","1998-9-23"),
("btssio1a","34","1996-6-15"),
("btssio1a","35","1998-6-20"),
("btssio1a","36","2000-2-17"),
("btssio1a","37","1993-4-28"),
("btssio1a","38","1998-6-24"),
("btssio1a","39","1999-8-12"),
("btssio1a","40","1993-2-21"),
("btssio2a","41","1999-6-15"),
("btssio2a","42","2001-8-28"),
("btssio2a","43","1995-8-7"),
("btssio2a","44","1997-11-15"),
("btssio2a","45","2002-2-23"),
("btssio2a","46","1993-6-24"),
("btssio2a","47","1996-3-25"),
("btssio2a","48","1995-11-11"),
("btssio2a","49","1993-7-8"),
("btssio2a","50","1997-5-15"),
("btssio2a","51","1995-12-11"),
("btssio2a","52","2001-4-4"),
("btssio2a","53","2001-6-3"),
("btssio2a","54","2002-5-27"),
("btssio2a","55","1995-4-1"),
("btssio2a","56","1994-8-19"),
("btssio2a","57","2001-7-18"),
("btssio2a","58","2002-5-13"),
("btssio2a","59","1998-7-6"),
("btssio2a","60","2001-4-24"),
("btssio2a","61","2002-1-5"),
("btssio2a","62","1994-12-18"),
("btssio2a","63","1992-6-21"),
("btssio2a","64","1996-7-20"),
("btssio2a","65","1993-8-26"),
("btssio2a","66","2000-2-4"),
("btssio2a","67","2002-3-20"),
("btssio2a","68","2003-12-15"),
("btssio2a","69","1992-1-3"),
("btseco1a","70","1992-7-1"),
("btseco1a","71","1994-3-1"),
("btseco1a","72","1998-5-13"),
("btseco1a","73","1998-5-3"),
("btseco1a","74","2000-4-3"),
("btseco1a","75","1994-11-24"),
("btseco1a","76","1997-2-24"),
("btseco1a","77","1998-8-7"),
("btseco1a","78","2003-4-12"),
("btseco1a","79","1992-1-11"),
("btseco1a","80","1993-6-12"),
("btseco1a","81","1996-9-18"),
("btseco1a","82","2001-7-19"),
("btseco1a","83","1993-6-17"),
("btseco1a","84","1997-3-7"),
("btseco1a","85","2001-7-5"),
("btseco1a","86","2003-2-18"),
("btseco1a","87","1997-10-15"),
("btseco1a","88","1997-8-4"),
("btseco1a","89","1998-9-2"),
("btseco1a","90","1994-5-9"),
("btseco1a","91","2000-12-28"),
("btseco1a","92","2002-5-15"),
("btseco1a","93","2000-7-28"),
("btseco1a","94","2000-4-2"),
("btseco1a","95","1999-1-16"),
("btseco1a","96","2003-1-12"),
("btseco1a","97","2003-4-23"),
("btseco1a","98","2001-9-4"),
("btseco2a","99","1998-9-7"),
("btseco2a","100","1998-5-11"),
("btseco2a","101","1999-3-14"),
("btseco2a","102","2001-9-20"),
("btseco2a","103","2000-1-10"),
("btseco2a","104","1997-11-11"),
("btseco2a","105","1995-11-18"),
("btseco2a","106","1997-11-27"),
("btseco2a","107","1999-1-1"),
("btseco2a","108","1995-3-2"),
("btseco2a","109","1996-6-17"),
("btseco2a","110","1996-8-2"),
("btseco2a","111","1998-10-23"),
("btseco2a","112","1998-11-3"),
("btseco2a","113","1995-5-14"),
("btseco2a","114","1995-8-4"),
("btseco2a","115","2000-1-22"),
("btseco2a","116","1996-12-27"),
("btseco2a","117","1994-12-18"),
("btseco2a","118","1999-12-16"),
("btseco2a","119","1995-6-5"),
("btseco2a","120","2001-3-1"),
("btseco2a","121","1998-10-11"),
("btseco2a","122","1998-9-6"),
("btseco2a","123","1995-6-8"),
("btseco2a","124","2001-11-17"),
("btseco2a","125","1999-12-25"),
("btseco2a","126","1997-12-3"),
("btseco2a","127","1997-3-10"),
("btseco2a","128","1997-5-4"),
("btseco2a","129","2001-11-13"),
("btseco2a","130","2000-11-14"),
("btseco2a","131","2001-1-16"),
("btseco2a","132","1993-3-18"),
("btseco2a","133","1993-10-15"),
("btseco2a","134","1993-5-4"),
("btseco2a","135","1996-11-25"),
("btseco2a","136","2000-2-13"),
("btseco2a","137","2002-8-15"),
("btseco2a","138","2001-12-26"),
("btseco2a","139","1999-4-1"),
("btseco2a","140","1995-3-22"),
("btseco2a","141","2000-5-6"),
("btseco2a","142","2002-3-7"),
("btseco2a","143","1995-10-13"),
("btseco2a","144","2003-3-3"),
("btseco2a","145","2002-4-9"),
("btseco2a","146","2000-11-23"),
("btseco2a","147","1998-1-13"),
("btseco2a","148","2003-8-26"),
("btseco2a","149","1996-10-9"),
("btseco2a","150","1999-2-18"),
("btseco2a","151","2000-7-19"),
("btseco2a","152","2002-9-22"),
("btseco2a","153","2000-12-14"),
("btseco2a","154","1997-6-23"),
("btseco2a","155","1998-10-28"),
("btseco2a","156","2002-12-1"),
("btseco2a","157","2002-11-9"),
("btseco2a","158","1999-10-25"),
("btseco2a","159","2002-5-11"),
("btseco2a","160","1997-11-16"),
("btseco2a","161","1996-11-28"),
("btseco2a","162","1994-1-5"),
("btseco2a","163","1992-5-11"),
("btseco2a","164","1997-5-3"),
("btseco2a","165","1999-5-2"),
("btseco2a","166","1996-9-27"),
("btseco2a","167","1995-2-19"),
("btseco2a","168","2000-11-1"),
("btseco2a","169","1996-4-16"),
("btseco2a","170","2002-4-2"),
("btseco2a","171","1996-11-16"),
("btseco2a","172","1997-5-10"),
("btseco2a","173","1993-5-23"),
("btseco2a","174","1997-8-17"),
("btseco2a","175","1998-12-27"),
("btseco2a","176","1993-9-21"),
("btseco2a","177","1998-12-24"),
("btseco2a","178","1998-3-3"),
("btseco2a","179","2003-12-25"),
("btseco2a","180","1994-3-18"),
("btseco2a","181","1999-9-21"),
("btseco2a","182","1998-4-14"),
("btseco2a","183","1995-8-24"),
("btseco2a","184","1995-10-22"),
("btseco2a","185","1997-10-19"),
("btseco2a","186","1997-1-1"),
("btseco2a","187","1994-12-9"),
("btseco2a","188","1996-9-27"),
("btseco2a","189","2002-10-8"),
("btseco2a","190","1994-12-25"),
("btseco2a","191","2002-8-27"),
("btseco2a","192","1996-8-22"),
("btseco2a","193","1995-7-19"),
("btseco2a","194","2002-1-11"),
("btseco2a","195","1998-8-9"),
("btseco2a","196","1994-6-24"),
("btseco2a","197","1993-8-5"),
("btseco2a","198","2001-3-24"),
("btseco2a","199","1998-3-25"),
("btseco2a","200","1999-9-23");;


insert into occuper (id_prof,code_classe)
values 
(1,"btssio1a")
, (1,"btssio2a")
, (2,"btssio1a")
, (2,"btssio2a")
, (3,"btssio1a")
, (3,"btssio2a")
, (4,"btssio1a")
, (4,"btssio2a")
, (5,"btssio1a")
, (5,"btssio2a")
, (6,"btseco1a")
, (6,"btseco2a")
, (7,"btseco1a")
, (7,"btseco2a")
, (8,"btseco1a")
, (8,"btseco2a")
, (9,"btseco1a")
, (9,"btseco2a")
, (10,"btseco1a")
, (10,"btseco2a")
;







